ID,wt,pos,mt,mutation,A549_p53WT_Nutlin-3_Z-score,BLAJ010101,GIAG010101,PP:6.00,MEHP950102,BONM030105,ITd_Ionic,Inter-PP:1.50,ITIonic,label
16,Q,5,E,Q5E,-0.566024104,5.0,-1.5,270,0.73,5.7,0.0,0,0.0,functional
17,Q,5,H,Q5H,-0.460653077,2.0,0.4,270,0.79,6.2,0.0,0,0.0,functional
18,Q,5,K,Q5K,-0.285200324,4.0,-1.9,270,0.75,5.8,0.0,0,0.0,functional
19,Q,5,L,Q5L,-0.433539004,-10.0,-1.4,270,1.07,5.9,0.0,0,0.0,functional
20,Q,5,P,Q5P,-0.724607928,-4.0,-0.3,270,0.83,5.4,0.0,0,0.0,functional
21,Q,5,R,Q5R,-0.307799185,7.0,-2.0,270,0.83,6.0,0.0,0,0.0,functional
37,S,9,C,S9C,-0.638443308,-18.0,0.0,254,0.81,5.3,0.0,0,0.0,functional
38,S,9,G,S9G,-0.083962331,0.0,-0.1,254,0.91,4.4,0.0,0,0.0,functional
39,S,9,I,S9I,-0.475326762,-6.0,-0.3,254,1.24,5.4,0.0,0,0.0,functional
40,S,9,N,S9N,-0.075068769,3.0,1.3,254,0.84,5.1,0.0,0,0.0,functional
41,S,9,R,S9R,-0.335599086,2.0,-2.2,254,0.99,5.4,0.0,0,0.0,functional
42,S,9,T,S9T,-0.504841283,5.0,-1.6,254,1.1,5.2,0.0,0,0.0,functional
125,L,26,F,L26F,-0.00326729,3.0,-1.0,205,1.27,6.2,0.0,0,0.0,functional
126,L,26,H,L26H,-0.290913624,-4.0,-0.3,205,1.07,5.8,0.0,0,0.0,functional
127,L,26,I,L26I,-0.019535866,7.0,0.3,205,1.21,6.1,0.0,0,0.0,functional
128,L,26,P,L26P,-0.22432823,1.0,0.6,205,1.21,5.8,0.0,0,0.0,functional
129,L,26,R,L26R,-0.220973144,-4.0,-0.5,205,1.05,6.1,0.0,0,0.0,functional
130,L,26,V,L26V,-0.893163115,6.0,0.1,205,1.35,6.0,0.0,0,0.0,functional
131,P,27,A,P27A,1.202713457,-1.0,2.0,260,0.77,5.3,0.0,0,0.0,functional
132,P,27,H,P27H,0.089262472,-4.0,-0.2,260,0.83,5.5,0.0,0,0.0,functional
133,P,27,R,P27R,-0.179993443,-3.0,-0.5,260,1.03,6.1,0.0,0,0.0,functional
134,P,27,T,P27T,0.469198532,-1.0,0.5,260,0.93,5.5,0.0,0,0.0,functional
165,S,33,A,S33A,-0.683561186,0.0,0.4,184,0.8,4.7,0.0,0,0.0,functional
166,S,33,C,S33C,-0.395567329,-18.0,0.0,184,0.81,5.3,0.0,0,0.0,functional
167,S,33,P,S33P,-0.185032435,1.0,-1.8,184,0.87,5.2,0.0,0,0.0,functional
168,S,33,T,S33T,-0.592375496,5.0,-1.6,184,1.1,5.2,0.0,0,0.0,functional
169,S,33,Y,S33Y,-0.048395054,-1.0,-0.1,184,1.41,5.9,0.0,0,0.0,functional
208,D,42,A,D42A,-0.508865231,0.0,1.0,272,0.56,5.0,0.0,0,0.0,functional
209,D,42,E,D42E,-0.005690321,5.0,-2.7,272,0.58,5.9,0.0,0,0.0,functional
210,D,42,G,D42G,-0.297072724,2.0,-1.0,272,0.61,4.7,0.0,0,0.0,functional
211,D,42,H,D42H,-0.9387128,1.0,-0.2,272,0.68,5.8,0.0,0,0.0,functional
212,D,42,V,D42V,-0.881371105,-10.0,0.1,272,0.99,5.6,0.0,0,0.0,functional
213,D,42,Y,D42Y,-0.293319455,-6.0,-0.1,272,1.12,6.2,0.0,0,0.0,functional
219,M,44,K,M44K,-0.195298604,-4.0,-0.8,274,1.03,6.5,0.0,0,0.0,functional
220,M,44,L,M44L,-0.531424385,11.0,-0.2,274,1.06,6.2,0.0,0,0.0,functional
221,M,44,R,M44R,-0.746872424,-8.0,-0.1,274,1.14,6.3,0.0,0,0.0,functional
222,M,44,T,M44T,-0.409785142,-3.0,0.1,274,1.11,5.9,0.0,0,0.0,functional
223,M,44,V,M44V,-0.076881572,6.0,-1.0,274,1.22,5.9,0.0,0,0.0,functional
224,L,45,M,L45M,-0.02810931,11.0,0.2,253,1.06,6.2,0.0,0,0.0,functional
225,L,45,Q,L45Q,-0.006169225,-10.0,1.4,253,1.07,5.9,0.0,0,0.0,functional
226,L,45,R,L45R,-0.451815656,-4.0,-0.5,253,1.05,6.1,0.0,0,0.0,functional
227,L,45,V,L45V,-0.027075369,6.0,0.1,253,1.35,6.0,0.0,0,0.0,functional
232,P,47,A,P47A,-0.634663357,-1.0,2.0,262,0.77,5.3,0.0,0,0.0,functional
233,P,47,Q,P47Q,0.016950797,-4.0,0.3,262,0.83,5.4,0.0,0,0.0,functional
234,P,47,R,P47R,0.010160936,-3.0,-0.5,262,1.03,6.1,0.0,0,0.0,functional
235,P,47,T,P47T,-0.013760725,-1.0,0.5,262,0.93,5.5,0.0,0,0.0,functional
252,E,51,A,E51A,-0.54826187,0.0,5.7,247,0.63,5.0,0.0,0,0.0,functional
253,E,51,D,E51D,-0.440688125,5.0,2.7,247,0.58,5.9,0.0,0,0.0,functional
254,E,51,G,E51G,-0.330422642,0.0,0.0,247,0.87,5.6,0.0,0,0.0,functional
255,E,51,Q,E51Q,-0.395051516,5.0,1.5,247,0.73,5.7,0.0,0,0.0,functional
256,E,51,V,E51V,-0.587428821,-6.0,-0.1,247,1.08,5.4,0.0,0,0.0,functional
288,G,59,A,G59A,0.149130511,1.0,-1.8,225,0.83,4.7,0.0,0,0.0,functional
289,G,59,R,G59R,-0.259886983,-2.0,-0.8,225,0.84,6.3,0.0,0,0.0,functional
290,G,59,S,G59S,-0.190809878,0.0,0.1,225,0.91,4.4,0.0,0,0.0,functional
291,G,59,V,G59V,-0.312184646,-5.0,0.4,225,1.09,4.6,0.0,0,0.0,functional
296,D,61,A,D61A,-0.289057118,0.0,1.0,217,0.56,5.0,0.0,0,0.0,functional
297,D,61,E,D61E,-0.300908202,5.0,-2.7,217,0.58,5.9,0.0,0,0.0,functional
298,D,61,H,D61H,0.0767799,1.0,-0.2,217,0.68,5.8,0.0,0,0.0,functional
299,D,61,V,D61V,-0.800269239,-10.0,0.1,217,0.99,5.6,0.0,0,0.0,functional
300,D,61,Y,D61Y,-0.079502146,-6.0,-0.1,217,1.12,6.2,0.0,0,0.0,functional
324,P,67,A,P67A,-0.421463414,-1.0,2.0,192,0.77,5.3,0.0,0,0.0,functional
325,P,67,Q,P67Q,-0.272040754,-4.0,0.3,192,0.83,5.4,0.0,0,0.0,functional
326,P,67,R,P67R,-0.661690385,-3.0,-0.5,192,1.03,6.1,0.0,0,0.0,functional
327,P,67,T,P67T,-0.333284433,-1.0,0.5,192,0.93,5.5,0.0,0,0.0,functional
362,A,79,D,A79D,0.171060598,0.0,-1.0,223,0.56,5.0,0.0,0,0.0,functional
363,A,79,G,A79G,-0.200192134,1.0,1.8,223,0.83,4.7,0.0,0,0.0,functional
364,A,79,P,A79P,0.156709406,-1.0,-2.0,223,0.77,5.3,0.0,0,0.0,functional
365,A,79,S,A79S,-0.156486474,0.0,-0.4,223,0.8,4.7,0.0,0,0.0,functional
398,A,88,D,A88D,-0.370827155,0.0,-1.0,650,0.56,5.0,0.0,0,0.0,functional
399,A,88,P,A88P,-0.16551452,-1.0,-2.0,650,0.77,5.3,0.0,0,0.0,functional
400,A,88,S,A88S,-0.219693201,0.0,-0.4,650,0.8,4.7,0.0,0,0.0,functional
405,S,90,A,S90A,-0.017051407,0.0,0.4,388,0.8,4.7,0.0,0,0.0,functional
406,S,90,C,S90C,-0.380532116,-18.0,0.0,388,0.81,5.3,0.0,0,0.0,functional
407,S,90,T,S90T,-0.367446319,5.0,-1.6,388,1.1,5.2,0.0,0,0.0,functional
408,S,90,Y,S90Y,-0.200771889,-1.0,-0.1,388,1.41,5.9,0.0,0,0.0,functional
477,F,109,C,F109C,1.687189597,-12.0,0.0,2275,1.04,5.8,0.0,0,0.0,nonfunctional
478,F,109,V,F109V,1.200407682,1.0,0.3,2275,1.51,6.0,0.0,0,0.0,nonfunctional
479,F,109,Y,F109Y,0.742736963,8.0,0.5,2275,1.34,6.4,0.0,0,0.0,functional
488,G,112,A,G112A,0.665885558,1.0,-1.8,1574,0.83,4.7,0.0,0,0.0,functional
489,G,112,C,G112C,0.131754068,-15.0,0.3,1574,0.8,5.3,0.0,0,0.0,functional
490,G,112,R,G112R,0.065141216,-2.0,-0.8,1574,0.84,6.3,0.0,0,0.0,functional
491,G,112,V,G112V,0.266396519,-5.0,0.4,1574,1.09,4.6,0.0,0,0.0,functional
552,K,132,E,K132E,1.656070842,6.0,1.7,2153,0.78,5.8,3.0,0,3.0,nonfunctional
553,K,132,M,K132M,1.011877936,-4.0,0.8,2153,1.03,6.5,3.0,0,3.0,nonfunctional
554,K,132,N,K132N,1.271866953,2.0,2.4,2153,0.72,5.7,3.0,0,3.0,nonfunctional
555,K,132,Q,K132Q,1.591812351,4.0,1.9,2153,0.75,5.8,3.0,0,3.0,nonfunctional
556,K,132,R,K132R,1.396664652,7.0,-3.4,2153,0.84,6.3,3.0,0,3.0,nonfunctional
587,V,147,L,V147L,0.803268265,6.0,-0.1,1664,1.35,6.0,0.0,0,0.0,functional
592,T,150,S,T150S,0.838489991,5.0,1.6,1010,1.1,5.2,0.0,0,0.0,functional
593,P,151,A,P151A,1.379722241,-1.0,2.0,1531,0.77,5.3,0.0,0,0.0,nonfunctional
594,P,151,H,P151H,0.870987828,-4.0,-0.2,1531,0.83,5.5,0.0,0,0.0,nonfunctional
595,P,151,R,P151R,1.961155937,-3.0,-0.5,1531,1.03,6.1,0.0,0,0.0,nonfunctional
596,P,151,S,P151S,1.506581632,1.0,1.8,1531,0.87,5.2,0.0,0,0.0,nonfunctional
597,P,151,T,P151T,0.688116492,-1.0,0.5,1531,0.93,5.5,0.0,0,0.0,nonfunctional
598,P,152,L,P152L,1.021546687,1.0,-0.6,1217,1.21,5.8,0.0,0,0.0,nonfunctional
599,P,152,S,P152S,1.064175522,1.0,1.8,1217,0.87,5.2,0.0,0,0.0,nonfunctional
606,V,157,F,V157F,0.676286999,1.0,-0.3,2491,1.51,6.0,0.0,0,0.0,nonfunctional
607,V,157,G,V157G,1.398804204,-5.0,-0.4,2491,1.09,4.6,0.0,0,0.0,nonfunctional
617,I,162,F,I162F,1.286103882,3.0,-0.2,2249,1.54,6.2,0.0,0,0.0,nonfunctional
618,I,162,L,I162L,0.081006333,7.0,-0.3,2249,1.21,6.1,0.0,0,0.0,functional
624,Q,167,K,Q167K,0.035224208,4.0,-1.9,778,0.75,5.8,0.0,0,0.0,functional
628,M,169,L,M169L,-0.244379838,11.0,-0.2,1565,1.06,6.2,0.0,0,0.0,functional
629,M,169,R,M169R,-0.042508702,-8.0,-0.1,1565,1.14,6.3,0.0,0,0.0,functional
640,R,175,G,R175G,1.730190212,-2.0,0.8,2212,0.84,6.3,5.0,0,5.0,nonfunctional
641,R,175,H,R175H,1.791388107,2.0,0.1,2212,0.92,5.9,5.0,0,5.0,nonfunctional
642,R,175,L,R175L,0.940932419,-4.0,0.5,2212,1.05,6.1,5.0,0,5.0,nonfunctional
650,H,178,D,H178D,1.082340011,1.0,0.2,1834,0.68,5.8,0.0,0,0.0,nonfunctional
651,H,178,L,H178L,-0.18628585,-4.0,0.3,1834,1.07,5.8,0.0,0,0.0,functional
658,E,180,A,E180A,0.686421903,0.0,5.7,1692,0.63,5.0,4.0,0,4.0,functional
659,E,180,K,E180K,1.396085852,6.0,-1.7,1692,0.78,5.8,4.0,0,4.0,nonfunctional
660,E,180,V,E180V,0.81183595,-6.0,-0.1,1692,1.08,5.4,4.0,0,4.0,functional
681,H,193,D,H193D,1.543215143,1.0,0.2,2104,0.68,5.8,0.0,0,4.0,nonfunctional
682,H,193,L,H193L,1.674716831,-4.0,0.3,2104,1.07,5.8,4.0,0,4.0,nonfunctional
683,H,193,P,H193P,1.89085236,-4.0,0.2,2104,0.83,5.5,4.0,0,4.0,nonfunctional
684,H,193,R,H193R,1.835454309,2.0,-0.1,2104,0.92,5.9,0.0,0,4.0,nonfunctional
685,H,193,Y,H193Y,1.408627666,1.0,-0.3,2104,1.23,6.2,4.0,0,4.0,nonfunctional
686,L,194,F,L194F,0.934612044,3.0,-1.0,2678,1.27,6.2,0.0,0,0.0,nonfunctional
687,L,194,P,L194P,1.849655342,1.0,0.6,2678,1.21,5.8,0.0,0,0.0,nonfunctional
688,L,194,R,L194R,1.638723568,-4.0,-0.5,2678,1.05,6.1,0.0,0,0.0,nonfunctional
695,R,196,P,R196P,1.579775687,-3.0,0.5,2265,1.03,6.1,5.0,0,5.0,nonfunctional
696,V,197,M,V197M,1.474850564,6.0,1.0,2128,1.22,5.9,0.0,0,0.0,nonfunctional
702,L,201,M,L201M,-0.136315255,11.0,0.2,968,1.06,6.2,0.0,0,0.0,functional
703,L,201,W,L201W,0.557791891,2.0,0.1,968,1.37,6.3,0.0,0,0.0,functional
704,V,203,G,V203G,0.412122434,-5.0,-0.4,1448,1.09,4.6,0.0,0,0.0,functional
705,V,203,L,V203L,1.026271291,6.0,-0.1,1448,1.35,6.0,0.0,0,0.0,nonfunctional
716,R,209,G,R209G,0.465273032,-2.0,0.8,564,0.84,6.3,0.0,0,0.0,functional
736,Y,220,C,Y220C,1.526383395,-1.0,-0.1,1757,1.22,6.1,0.0,0,0.0,nonfunctional
737,Y,220,D,Y220D,1.664650262,-6.0,0.1,1757,1.12,6.2,0.0,0,0.0,nonfunctional
738,Y,220,H,Y220H,1.450215255,1.0,0.3,1757,1.23,6.2,0.0,0,0.0,nonfunctional
739,Y,220,S,Y220S,1.34607702,-1.0,0.1,1757,1.41,5.9,0.0,0,0.0,nonfunctional
745,G,226,C,G226C,0.356793627,-15.0,0.3,1074,0.8,5.3,0.0,0,0.0,functional
752,H,233,N,H233N,0.203877817,5.0,0.3,1946,0.78,5.5,0.0,0,0.0,functional
758,Y,236,C,Y236C,1.850948132,-1.0,-0.1,2629,1.22,6.1,0.0,0,0.0,nonfunctional
784,M,246,I,M246I,0.641868607,10.0,-1.3,2150,1.16,5.9,0.0,0,0.0,nonfunctional
785,M,246,V,M246V,1.553754553,6.0,-1.0,2150,1.22,5.9,0.0,0,0.0,nonfunctional
808,T,256,R,T256R,0.638335031,0.0,-1.3,2412,1.08,6.0,-1.0,0,0.0,functional
822,N,263,S,N263S,0.185306462,3.0,-1.3,1083,0.84,5.1,0.0,0,0.0,functional
823,N,263,T,N263T,0.380551446,2.0,-1.5,1083,0.99,5.5,0.0,0,0.0,functional
824,N,263,Y,N263Y,0.658922773,1.0,0.4,1083,1.08,5.9,0.0,0,0.0,functional
831,G,266,E,G266E,1.556990726,0.0,0.0,2175,0.87,5.6,0.0,0,0.0,nonfunctional
832,G,266,R,G266R,1.579148159,-2.0,-0.8,2175,0.84,6.3,0.0,0,0.0,nonfunctional
833,G,266,V,G266V,1.10790423,-5.0,0.4,2175,1.09,4.6,0.0,0,0.0,nonfunctional
846,V,272,G,V272G,1.549847638,-5.0,-0.4,2433,1.09,4.6,0.0,0,0.0,nonfunctional
847,V,272,M,V272M,1.790216627,6.0,1.0,2433,1.22,5.9,0.0,0,0.0,nonfunctional
880,D,281,E,D281E,0.221816379,5.0,-2.7,2803,0.58,5.9,0.0,0,3.0,nonfunctional
881,D,281,H,D281H,0.931436162,1.0,-0.2,2803,0.68,5.8,3.0,0,3.0,nonfunctional
882,D,281,N,D281N,1.115002602,5.0,1.3,2803,0.69,5.2,3.0,0,3.0,nonfunctional
883,D,281,V,D281V,0.223491211,-10.0,0.1,2803,0.99,5.6,3.0,0,3.0,nonfunctional
884,D,281,Y,D281Y,1.027131368,-6.0,-0.1,2803,1.12,6.2,3.0,0,3.0,nonfunctional
890,E,285,K,E285K,1.843314673,6.0,-1.7,2033,0.78,5.8,5.0,0,5.0,nonfunctional
891,E,285,V,E285V,1.711337411,-6.0,-0.1,2033,1.08,5.4,5.0,0,5.0,nonfunctional
897,E,287,A,E287A,-0.163036747,0.0,5.7,1111,0.63,5.0,6.0,0,6.0,functional
898,E,287,D,E287D,0.126856741,5.0,2.7,1111,0.58,5.9,1.0,0,6.0,nonfunctional
909,E,294,A,E294A,0.465159196,0.0,5.7,650,0.63,5.0,0.0,0,0.0,functional
912,H,296,P,H296P,0.188480228,-4.0,0.2,486,0.83,5.5,0.0,0,0.0,functional
917,E,298,A,E298A,0.571714556,0.0,5.7,292,0.63,5.0,0.0,0,0.0,functional
925,G,302,W,G302W,-0.397218425,-10.0,-0.1,336,1.28,5.2,0.0,0,0.0,functional
932,A,307,E,A307E,-0.310356045,0.0,-5.7,277,0.63,5.0,0.0,0,0.0,functional
933,A,307,G,A307G,-0.712005354,1.0,1.8,277,0.83,4.7,0.0,0,0.0,functional
934,A,307,P,A307P,-1.188243619,-1.0,-2.0,277,0.77,5.3,0.0,0,0.0,functional
946,T,312,A,T312A,-0.205266355,-3.0,-0.9,375,0.97,5.1,0.0,0,0.0,functional
947,T,312,N,T312N,-0.342028047,2.0,1.5,375,0.99,5.5,0.0,0,0.0,functional
948,T,312,P,T312P,-1.040926455,-1.0,-0.5,375,0.93,5.5,0.0,0,0.0,functional
952,S,314,A,S314A,-0.152079969,0.0,0.4,387,0.8,4.7,0.0,0,0.0,functional
953,S,314,C,S314C,-1.410337384,-18.0,0.0,387,0.81,5.3,0.0,0,0.0,functional
954,S,314,P,S314P,-0.426503489,1.0,-1.8,387,0.87,5.2,0.0,0,0.0,functional
955,S,314,T,S314T,-0.536140602,5.0,-1.6,387,1.1,5.2,0.0,0,0.0,functional
956,S,314,Y,S314Y,-0.457371304,-1.0,-0.1,387,1.41,5.9,0.0,0,0.0,functional
960,P,316,H,P316H,-0.299419395,-4.0,-0.2,342,0.83,5.5,0.0,0,0.0,functional
961,P,316,R,P316R,-1.012331994,-3.0,-0.5,342,1.03,6.1,0.0,0,0.0,functional
962,P,316,T,P316T,-0.465915909,-1.0,0.5,342,0.93,5.5,0.0,0,0.0,functional
973,K,320,E,K320E,-0.648008603,6.0,1.7,259,0.78,5.8,0.0,0,0.0,functional
974,K,320,M,K320M,-0.722966643,-4.0,0.8,259,1.03,6.5,0.0,0,0.0,functional
975,K,320,Q,K320Q,-1.1491714,4.0,1.9,259,0.75,5.8,0.0,0,0.0,functional
976,K,320,R,K320R,-0.423739246,7.0,-3.4,259,0.84,6.3,0.0,0,0.0,functional
977,K,320,T,K320T,-0.989109792,1.0,1.4,259,1.09,5.7,0.0,0,0.0,functional
978,K,321,I,K321I,-0.794320983,-7.0,0.6,276,1.11,5.9,0.0,0,0.0,functional
979,K,321,N,K321N,-0.611093279,2.0,2.4,276,0.72,5.7,0.0,0,0.0,functional
980,K,321,Q,K321Q,-1.643719127,4.0,1.9,276,0.75,5.8,0.0,0,0.0,functional
981,K,321,R,K321R,-0.503475301,7.0,-3.4,276,0.84,6.3,0.0,0,0.0,functional
982,K,321,T,K321T,-1.349776648,1.0,1.4,276,1.09,5.7,0.0,0,0.0,functional
987,L,323,M,L323M,-0.274463762,11.0,0.2,356,1.06,6.2,0.0,0,0.0,functional
988,L,323,Q,L323Q,-0.155071959,-10.0,1.4,356,1.07,5.9,0.0,0,0.0,functional
989,L,323,R,L323R,-0.810773734,-4.0,-0.5,356,1.05,6.1,0.0,0,0.0,functional
990,L,323,V,L323V,-1.171062953,6.0,0.1,356,1.35,6.0,0.0,0,0.0,functional
1024,G,334,V,G334V,-0.64071244,-5.0,0.4,1026,1.09,4.6,0.0,0,0.0,nonfunctional
1035,F,338,C,F338C,-1.996178242,-12.0,0.0,1199,1.04,5.8,0.0,0,0.0,functional
1036,F,338,S,F338S,-0.789586186,-4.0,0.5,1199,1.28,5.6,0.0,0,0.0,functional
1037,F,338,V,F338V,-1.933016093,1.0,0.3,1199,1.51,6.0,0.0,0,0.0,functional
1038,F,338,Y,F338Y,-0.699760959,8.0,0.5,1199,1.34,6.4,0.0,0,0.0,functional
1042,M,340,K,M340K,-0.134913466,-4.0,-0.8,1476,1.03,6.5,0.0,0,0.0,functional
1043,M,340,L,M340L,-0.965563976,11.0,-0.2,1476,1.06,6.2,0.0,0,0.0,functional
1044,M,340,R,M340R,-1.099685206,-8.0,-0.1,1476,1.14,6.3,-1.0,0,0.0,functional
1048,R,342,P,R342P,-1.25854948,-3.0,0.5,1121,1.03,6.1,4.0,0,4.0,nonfunctional
1055,N,345,H,N345H,-1.144422567,5.0,-0.3,1647,0.78,5.5,-2.0,0,0.0,functional
1056,N,345,I,N345I,-1.202399637,-8.0,-0.2,1647,1.12,5.7,0.0,0,0.0,functional
1057,N,345,K,N345K,-0.957333509,2.0,-2.4,1647,0.72,5.7,-1.0,0,0.0,functional
1058,N,345,S,N345S,-0.940095457,3.0,-1.3,1647,0.84,5.1,0.0,0,0.0,functional
1059,N,345,T,N345T,-1.159686974,2.0,-1.5,1647,0.99,5.5,0.0,0,0.0,functional
1060,N,345,Y,N345Y,-0.920590913,1.0,0.4,1647,1.08,5.9,0.0,0,0.0,functional
1111,E,358,A,E358A,-0.749249337,0.0,5.7,346,0.63,5.0,0.0,0,0.0,functional
1112,E,358,D,E358D,-0.843825304,5.0,2.7,346,0.58,5.9,0.0,0,0.0,functional
1113,E,358,G,E358G,-0.572292128,0.0,0.0,346,0.87,5.6,0.0,0,0.0,functional
1114,E,358,Q,E358Q,-0.812323766,5.0,1.5,346,0.73,5.7,0.0,0,0.0,functional
1115,P,359,A,P359A,-1.092081266,-1.0,2.0,297,0.77,5.3,0.0,0,0.0,functional
1116,P,359,Q,P359Q,-0.987923592,-4.0,0.3,297,0.83,5.4,0.0,0,0.0,functional
1117,P,359,R,P359R,-0.237264864,-3.0,-0.5,297,1.03,6.1,0.0,0,0.0,functional
1118,P,359,T,P359T,-0.416840596,-1.0,0.5,297,0.93,5.5,0.0,0,0.0,functional
1185,K,373,E,K373E,-0.400535693,6.0,1.7,216,0.78,5.8,0.0,0,0.0,functional
1186,K,373,M,K373M,-0.767463455,-4.0,0.8,216,1.03,6.5,0.0,0,0.0,functional
1187,K,373,N,K373N,-0.420682147,2.0,2.4,216,0.72,5.7,0.0,0,0.0,functional
1188,K,373,Q,K373Q,-0.895023671,4.0,1.9,216,0.75,5.8,0.0,0,0.0,functional
1189,K,373,R,K373R,-0.019986186,7.0,-3.4,216,0.84,6.3,0.0,0,0.0,functional
1190,K,373,T,K373T,-1.041444136,1.0,1.4,216,1.09,5.7,0.0,0,0.0,functional
1191,G,374,A,G374A,-0.46796883,1.0,-1.8,255,0.83,4.7,0.0,0,0.0,functional
1192,G,374,D,G374D,-0.239131808,2.0,1.0,255,0.61,4.7,0.0,0,0.0,functional
1193,G,374,S,G374S,-0.022149087,0.0,0.1,255,0.91,4.4,0.0,0,0.0,functional
1194,G,374,V,G374V,-0.305889063,-5.0,0.4,255,1.09,4.6,0.0,0,0.0,functional
1209,S,378,A,S378A,-0.296759055,0.0,0.4,279,0.8,4.7,0.0,0,0.0,functional
1210,S,378,C,S378C,-1.131158533,-18.0,0.0,279,0.81,5.3,0.0,0,0.0,functional
1211,S,378,T,S378T,-0.433789608,5.0,-1.6,279,1.1,5.2,0.0,0,0.0,functional
1212,S,378,Y,S378Y,-0.244013515,-1.0,-0.1,279,1.41,5.9,0.0,0,0.0,functional
1222,K,381,E,K381E,-0.734534983,6.0,1.7,218,0.78,5.8,0.0,0,0.0,functional
1223,K,381,I,K381I,-0.576474986,-7.0,0.6,218,1.11,5.9,0.0,0,0.0,functional
1224,K,381,N,K381N,-0.879986448,2.0,2.4,218,0.72,5.7,0.0,0,0.0,functional
1225,K,381,Q,K381Q,-0.216164554,4.0,1.9,218,0.75,5.8,0.0,0,0.0,functional
1226,K,381,R,K381R,-0.273969117,7.0,-3.4,218,0.84,6.3,0.0,0,0.0,functional
1227,K,381,T,K381T,-0.297503673,1.0,1.4,218,1.09,5.7,0.0,0,0.0,functional
1233,L,383,H,L383H,-0.539342989,-4.0,-0.3,218,1.07,5.8,0.0,0,0.0,functional
1234,L,383,I,L383I,0.019528964,7.0,0.3,218,1.21,6.1,0.0,0,0.0,functional
1235,L,383,P,L383P,0.218005908,1.0,0.6,218,1.21,5.8,0.0,0,0.0,functional
1236,L,383,R,L383R,-0.62709102,-4.0,-0.5,218,1.05,6.1,0.0,0,0.0,functional
1237,L,383,V,L383V,-0.944318751,6.0,0.1,218,1.35,6.0,0.0,0,0.0,functional
1265,G,389,A,G389A,-0.848207747,1.0,-1.8,319,0.83,4.7,0.0,0,0.0,functional
1266,G,389,E,G389E,-0.307999081,0.0,0.0,319,0.87,5.6,0.0,0,0.0,functional
1267,G,389,R,G389R,0.041158147,-2.0,-0.8,319,0.84,6.3,0.0,0,0.0,functional
1268,G,389,V,G389V,-0.244723172,-5.0,0.4,319,1.09,4.6,0.0,0,0.0,functional
1269,G,389,W,G389W,-0.241007694,-10.0,-0.1,319,1.28,5.2,0.0,0,0.0,functional
1270,P,390,A,P390A,-0.268568238,-1.0,2.0,312,0.77,5.3,0.0,0,0.0,functional
1271,P,390,H,P390H,-0.092218216,-4.0,-0.2,312,0.83,5.5,0.0,0,0.0,functional
1272,P,390,L,P390L,-0.623421856,1.0,-0.6,312,1.21,5.8,0.0,0,0.0,functional
1273,P,390,R,P390R,-1.349668297,-3.0,-0.5,312,1.03,6.1,0.0,0,0.0,functional
1274,P,390,S,P390S,-0.649697776,1.0,1.8,312,0.87,5.2,0.0,0,0.0,functional
1275,P,390,T,P390T,-0.141112934,-1.0,0.5,312,0.93,5.5,0.0,0,0.0,functional
1287,D,393,A,D393A,-0.209363961,0.0,1.0,188,0.56,5.0,0.0,0,0.0,functional
1288,D,393,E,D393E,0.049499699,5.0,-2.7,188,0.58,5.9,0.0,0,0.0,functional
1289,D,393,G,D393G,0.322331328,2.0,-1.0,188,0.61,4.7,0.0,0,0.0,functional
1290,D,393,H,D393H,0.121743427,1.0,-0.2,188,0.68,5.8,0.0,0,0.0,functional
1291,D,393,N,D393N,0.566411618,5.0,1.3,188,0.69,5.2,0.0,0,0.0,functional
1292,D,393,V,D393V,-0.469176259,-10.0,0.1,188,0.99,5.6,0.0,0,0.0,functional
1293,D,393,Y,D393Y,0.087794622,-6.0,-0.1,188,1.12,6.2,0.0,0,0.0,functional
