ID,wt,pos,mt,mutation,PP:10.50,MICC010101,snap2_score,duet_ddG,Pos,mtr_v2_31,Inter-PP:1.50,FEND850101,Inter-HH:9.00,ITCarbonyl,ITMetalSulphur-PI,label
16,Q,5,E,Q5E,561,-0.005234,-69.0,0.0,0,0.628,0,4.0,0,0.0,0.0,functional
17,Q,5,H,Q5H,561,0.005803,-78.0,0.0,-2,0.628,0,4.0,0,0.0,0.0,functional
18,Q,5,K,Q5K,561,0.002349,-71.0,0.0,-1,0.628,0,4.0,0,0.0,0.0,functional
19,Q,5,L,Q5L,561,-0.004168,-63.0,0.0,0,0.628,0,2.0,0,0.0,0.0,functional
20,Q,5,P,Q5P,561,0.000525,-60.0,0.0,0,0.628,0,3.0,0,0.0,0.0,functional
21,Q,5,R,Q5R,561,-0.00121,-64.0,0.0,-2,0.628,0,3.0,0,0.0,0.0,functional
37,S,9,C,S9C,464,0.001837,-55.0,0.0,0,0.6,0,4.0,0,0.0,0.0,functional
38,S,9,G,S9G,464,-0.003528,-46.0,0.0,0,0.6,0,5.0,0,0.0,0.0,functional
39,S,9,I,S9I,464,0.001538,-18.0,0.0,0,0.6,0,2.0,0,0.0,0.0,functional
40,S,9,N,S9N,464,0.006249,-58.0,0.0,0,0.6,0,5.0,0,0.0,0.0,functional
41,S,9,R,S9R,464,-0.00118,-19.0,0.0,-2,0.6,0,3.0,0,0.0,0.0,functional
42,S,9,T,S9T,464,-0.002393,-73.0,0.0,0,0.6,0,5.0,0,0.0,0.0,functional
125,L,26,F,L26F,391,-0.002127,9.0,0.0,0,0.637,0,4.0,0,0.0,0.0,functional
126,L,26,H,L26H,391,-0.004529,50.0,0.0,-2,0.637,0,3.0,0,0.0,0.0,functional
127,L,26,I,L26I,391,-0.000782,-13.0,0.0,0,0.637,0,5.0,0,0.0,0.0,functional
128,L,26,P,L26P,391,-0.005026,68.0,0.0,0,0.637,0,3.0,0,0.0,0.0,functional
129,L,26,R,L26R,391,-0.001302,69.0,0.0,-2,0.637,0,2.0,0,0.0,0.0,functional
130,L,26,V,L26V,391,-0.00194,-11.0,0.0,0,0.637,0,5.0,0,0.0,0.0,functional
131,P,27,A,P27A,481,-0.005081,-32.0,0.0,0,0.607,0,5.0,0,0.0,0.0,functional
132,P,27,H,P27H,481,-0.002032,-43.0,0.0,-2,0.607,0,3.0,0,0.0,0.0,functional
133,P,27,R,P27R,481,-6.7e-05,-20.0,0.0,-2,0.607,0,3.0,0,0.0,0.0,functional
134,P,27,T,P27T,481,0.005402,-32.0,0.0,0,0.607,0,4.0,0,0.0,0.0,functional
165,S,33,A,S33A,308,-0.001515,-57.0,0.0,0,0.662,0,5.0,0,0.0,0.0,functional
166,S,33,C,S33C,308,0.001837,-45.0,0.0,0,0.662,0,4.0,0,0.0,0.0,functional
167,S,33,P,S33P,308,-0.003125,-44.0,0.0,0,0.662,0,4.0,0,0.0,0.0,functional
168,S,33,T,S33T,308,-0.002393,-64.0,0.0,0,0.662,0,5.0,0,0.0,0.0,functional
169,S,33,Y,S33Y,308,-0.001895,-41.0,0.0,0,0.662,0,3.0,0,0.0,0.0,functional
208,D,42,A,D42A,485,-0.001348,-40.0,0.0,0,0.811,0,4.0,0,0.0,0.0,functional
209,D,42,E,D42E,485,0.002194,-55.0,0.0,0,0.811,0,5.0,0,0.0,0.0,functional
210,D,42,G,D42G,485,0.001528,-16.0,0.0,0,0.811,0,4.0,0,0.0,0.0,functional
211,D,42,H,D42H,485,-0.002501,-35.0,0.0,-2,0.811,0,3.0,0,0.0,0.0,functional
212,D,42,V,D42V,485,9.2e-05,-25.0,0.0,0,0.811,0,3.0,0,0.0,0.0,functional
213,D,42,Y,D42Y,485,0.000182,2.0,0.0,0,0.811,0,2.0,0,0.0,0.0,functional
219,M,44,K,M44K,484,-0.004667,-39.0,0.0,-1,0.836,0,2.0,0,0.0,0.0,functional
220,M,44,L,M44L,484,-0.002531,-51.0,0.0,0,0.836,0,5.0,0,0.0,0.0,functional
221,M,44,R,M44R,484,-0.004676,-17.0,0.0,-2,0.836,0,2.0,0,0.0,0.0,functional
222,M,44,T,M44T,484,-0.00219,-31.0,0.0,0,0.836,0,3.0,0,0.0,0.0,functional
223,M,44,V,M44V,484,-0.005331,-28.0,0.0,0,0.836,0,4.0,0,0.0,0.0,functional
224,L,45,M,L45M,440,-0.002531,-51.0,0.0,0,0.774,0,5.0,0,0.0,0.0,functional
225,L,45,Q,L45Q,440,-0.004168,6.0,0.0,0,0.774,0,2.0,0,0.0,0.0,functional
226,L,45,R,L45R,440,-0.001302,31.0,0.0,-2,0.774,0,2.0,0,0.0,0.0,functional
227,L,45,V,L45V,440,-0.00194,-7.0,0.0,0,0.774,0,5.0,0,0.0,0.0,functional
232,P,47,A,P47A,458,-0.005081,-35.0,0.0,0,0.819,0,5.0,0,0.0,0.0,functional
233,P,47,Q,P47Q,458,0.000525,-41.0,0.0,0,0.819,0,3.0,0,0.0,0.0,functional
234,P,47,R,P47R,458,-6.7e-05,-11.0,0.0,-2,0.819,0,3.0,0,0.0,0.0,functional
235,P,47,T,P47T,458,0.005402,-44.0,0.0,0,0.819,0,4.0,0,0.0,0.0,functional
252,E,51,A,E51A,495,-0.002376,-65.0,0.0,0,0.854,0,4.0,0,0.0,0.0,functional
253,E,51,D,E51D,495,0.002194,-61.0,0.0,0,0.854,0,5.0,0,0.0,0.0,functional
254,E,51,G,E51G,495,-0.000113,-28.0,0.0,0,0.854,0,4.0,0,0.0,0.0,functional
255,E,51,Q,E51Q,495,-0.005234,-65.0,0.0,0,0.854,0,4.0,0,0.0,0.0,functional
256,E,51,V,E51V,495,0.001387,-61.0,0.0,0,0.854,0,4.0,0,0.0,0.0,functional
288,G,59,A,G59A,385,-0.003111,-52.0,0.0,0,0.908,0,5.0,0,0.0,0.0,functional
289,G,59,R,G59R,385,0.002466,-39.0,0.0,-2,0.908,0,3.0,0,0.0,0.0,functional
290,G,59,S,G59S,385,-0.003528,-71.0,0.0,0,0.908,0,5.0,0,0.0,0.0,functional
291,G,59,V,G59V,385,0.001995,-60.0,0.0,0,0.908,0,4.0,0,0.0,0.0,functional
296,D,61,A,D61A,387,-0.001348,-20.0,0.0,0,0.929,0,4.0,0,0.0,0.0,functional
297,D,61,E,D61E,387,0.002194,-45.0,0.0,0,0.929,0,5.0,0,0.0,0.0,functional
298,D,61,H,D61H,387,-0.002501,-16.0,0.0,-2,0.929,0,3.0,0,0.0,0.0,functional
299,D,61,V,D61V,387,9.2e-05,-12.0,0.0,0,0.929,0,3.0,0,0.0,0.0,functional
300,D,61,Y,D61Y,387,0.000182,-13.0,0.0,0,0.929,0,2.0,0,0.0,0.0,functional
324,P,67,A,P67A,394,-0.005081,-46.0,0.0,0,1.02,0,5.0,0,0.0,0.0,functional
325,P,67,Q,P67Q,394,0.000525,-51.0,0.0,0,1.02,0,3.0,0,0.0,0.0,functional
326,P,67,R,P67R,394,-6.7e-05,-16.0,0.0,-2,1.02,0,3.0,0,0.0,0.0,functional
327,P,67,T,P67T,394,0.005402,-54.0,0.0,0,1.02,0,4.0,0,0.0,0.0,functional
362,A,79,D,A79D,373,-0.001348,15.0,0.0,0,0.871,0,4.0,0,0.0,0.0,functional
363,A,79,G,A79G,373,-0.003111,-24.0,0.0,0,0.871,0,5.0,0,0.0,0.0,functional
364,A,79,P,A79P,373,-0.005081,-20.0,0.0,0,0.871,0,5.0,0,0.0,0.0,functional
365,A,79,S,A79S,373,-0.001515,-48.0,0.0,0,0.871,0,5.0,0,0.0,0.0,functional
398,A,88,D,A88D,1304,-0.001348,-2.0,0.0,0,0.804,0,4.0,43,0.0,0.0,functional
399,A,88,P,A88P,1304,-0.005081,-20.0,0.0,0,0.804,0,5.0,43,0.0,0.0,functional
400,A,88,S,A88S,1304,-0.001515,-37.0,0.0,0,0.804,0,5.0,43,0.0,0.0,functional
405,S,90,A,S90A,911,-0.001515,-53.0,0.362,0,0.722,0,5.0,16,0.0,0.0,functional
406,S,90,C,S90C,911,0.001837,-32.0,-0.133,0,0.722,0,4.0,16,0.0,0.0,functional
407,S,90,T,S90T,911,-0.002393,-56.0,0.146,0,0.722,0,5.0,16,0.0,0.0,functional
408,S,90,Y,S90Y,911,-0.001895,-14.0,-0.477,0,0.722,0,3.0,16,0.0,0.0,functional
477,F,109,C,F109C,7324,-0.013925,53.0,-2.775,0,0.908,0,3.0,0,0.0,0.0,nonfunctional
478,F,109,V,F109V,7324,8e-06,61.0,-3.249,0,0.908,0,4.0,0,0.0,0.0,nonfunctional
479,F,109,Y,F109Y,7324,-0.003256,64.0,-1.546,0,0.908,0,5.0,0,0.0,0.0,functional
488,G,112,A,G112A,4800,-0.003111,-51.0,0.427,0,0.93,0,5.0,0,0.0,0.0,functional
489,G,112,C,G112C,4800,0.001847,-51.0,0.583,0,0.93,0,3.0,0,0.0,0.0,functional
490,G,112,R,G112R,4800,0.002466,-37.0,-0.038,-2,0.93,0,3.0,0,0.0,0.0,functional
491,G,112,V,G112V,4800,0.001995,-28.0,1.363,0,0.93,0,4.0,0,0.0,0.0,functional
552,K,132,E,K132E,7339,-0.009604,92.0,-2.054,1,0.801,0,4.0,0,1.0,0.0,nonfunctional
553,K,132,M,K132M,7339,-0.004667,63.0,-1.21,1,0.801,0,2.0,0,1.0,0.0,nonfunctional
554,K,132,N,K132N,7339,0.006158,88.0,-2.042,1,0.801,0,4.0,0,1.0,0.0,nonfunctional
555,K,132,Q,K132Q,7339,0.002349,82.0,-1.564,1,0.801,0,4.0,0,1.0,0.0,nonfunctional
556,K,132,R,K132R,7339,0.007273,81.0,-1.277,-1,0.801,0,5.0,0,1.0,0.0,nonfunctional
587,V,147,L,V147L,5214,-0.00194,-19.0,-0.708,0,0.847,0,5.0,0,1.0,0.0,functional
592,T,150,S,T150S,2881,-0.002393,-92.0,-0.773,0,0.796,0,5.0,0,0.0,0.0,functional
593,P,151,A,P151A,4599,-0.005081,40.0,-1.547,0,0.813,0,5.0,0,0.0,0.0,nonfunctional
594,P,151,H,P151H,4599,-0.002032,63.0,-1.507,-2,0.813,0,3.0,0,0.0,0.0,nonfunctional
595,P,151,R,P151R,4599,-6.7e-05,71.0,-1.091,-2,0.813,0,3.0,0,0.0,0.0,nonfunctional
596,P,151,S,P151S,4599,-0.003125,44.0,-2.2,0,0.813,0,4.0,0,0.0,0.0,nonfunctional
597,P,151,T,P151T,4599,0.005402,50.0,-1.856,0,0.813,0,4.0,0,0.0,0.0,nonfunctional
598,P,152,L,P152L,3471,-0.005026,48.0,-0.192,0,0.856,0,3.0,0,0.0,0.0,nonfunctional
599,P,152,S,P152S,3471,-0.003125,54.0,-1.245,0,0.856,0,4.0,0,0.0,0.0,nonfunctional
606,V,157,F,V157F,8530,8e-06,69.0,-1.762,0,0.842,0,4.0,0,0.0,0.0,nonfunctional
607,V,157,G,V157G,8530,0.001995,82.0,-3.517,0,0.842,0,4.0,0,0.0,0.0,nonfunctional
617,I,162,F,I162F,8216,-0.009792,58.0,-1.981,0,0.848,0,4.0,0,1.0,0.0,nonfunctional
618,I,162,L,I162L,8216,-0.000782,20.0,-1.269,0,0.848,0,5.0,0,1.0,0.0,functional
624,Q,167,K,Q167K,2307,0.002349,52.0,0.398,-1,0.893,0,4.0,0,0.0,0.0,functional
628,M,169,L,M169L,5125,-0.002531,8.0,-0.168,0,0.912,0,5.0,0,0.0,0.0,functional
629,M,169,R,M169R,5125,-0.004676,64.0,0.157,-2,0.912,0,2.0,0,0.0,0.0,functional
640,R,175,G,R175G,7902,0.002466,91.0,-1.54,2,0.882,0,3.0,54,0.0,0.0,nonfunctional
641,R,175,H,R175H,7902,0.009985,68.0,-1.409,0,0.882,0,4.0,54,0.0,0.0,nonfunctional
642,R,175,L,R175L,7902,-0.001302,84.0,-0.082,2,0.882,0,2.0,54,0.0,0.0,nonfunctional
650,H,178,D,H178D,4968,-0.002501,76.0,0.491,2,0.909,0,3.0,158,0.0,1.0,nonfunctional
651,H,178,L,H178L,4968,-0.004529,49.0,1.715,2,0.909,0,3.0,158,0.0,1.0,functional
658,E,180,A,E180A,5340,-0.002376,2.0,-0.181,0,0.89,0,4.0,116,0.0,0.0,functional
659,E,180,K,E180K,5340,-0.009604,34.0,-0.63,-1,0.89,0,4.0,116,0.0,0.0,nonfunctional
660,E,180,V,E180V,5340,0.001387,21.0,0.536,0,0.89,0,4.0,116,0.0,0.0,functional
681,H,193,D,H193D,7855,-0.002501,73.0,-2.18,2,0.887,0,3.0,0,0.0,0.0,nonfunctional
682,H,193,L,H193L,7855,-0.004529,64.0,-0.784,2,0.887,0,3.0,0,0.0,0.0,nonfunctional
683,H,193,P,H193P,7855,-0.002032,81.0,-1.609,2,0.887,0,3.0,0,0.0,0.0,nonfunctional
684,H,193,R,H193R,7855,0.009985,54.0,-1.836,0,0.887,0,4.0,0,0.0,0.0,nonfunctional
685,H,193,Y,H193Y,7855,0.007276,49.0,-0.048,2,0.887,0,3.0,0,0.0,0.0,nonfunctional
686,L,194,F,L194F,10085,-0.002127,39.0,-1.781,0,0.892,0,4.0,0,0.0,0.0,nonfunctional
687,L,194,P,L194P,10085,-0.005026,88.0,-2.217,0,0.892,0,3.0,0,0.0,0.0,nonfunctional
688,L,194,R,L194R,10085,-0.001302,85.0,-1.797,-2,0.892,0,2.0,0,0.0,0.0,nonfunctional
695,R,196,P,R196P,7838,-6.7e-05,87.0,-1.768,2,0.86,0,3.0,16,1.0,0.0,nonfunctional
696,V,197,M,V197M,6893,-0.005331,-8.0,-0.79,0,0.828,0,4.0,44,0.0,0.0,nonfunctional
702,L,201,M,L201M,2553,-0.002531,-86.0,-0.705,0,0.867,0,5.0,54,0.0,0.0,functional
703,L,201,W,L201W,2553,0.010659,-25.0,-0.684,0,0.867,0,4.0,54,0.0,0.0,functional
704,V,203,G,V203G,4967,0.001995,49.0,-2.521,0,0.858,0,4.0,0,0.0,0.0,functional
705,V,203,L,V203L,4967,-0.00194,46.0,-0.235,0,0.858,0,5.0,0,0.0,0.0,nonfunctional
716,R,209,G,R209G,1157,0.002466,-18.0,0.075,2,0.852,0,3.0,0,0.0,0.0,functional
736,Y,220,C,Y220C,5639,0.002585,32.0,-1.857,0,0.907,0,3.0,0,0.0,0.0,nonfunctional
737,Y,220,D,Y220D,5639,0.000182,81.0,-2.325,0,0.907,0,2.0,0,0.0,0.0,nonfunctional
738,Y,220,H,Y220H,5639,0.007276,53.0,-1.524,-2,0.907,0,3.0,0,0.0,0.0,nonfunctional
739,Y,220,S,Y220S,5639,-0.001895,74.0,-3.392,0,0.907,0,3.0,0,0.0,0.0,nonfunctional
745,G,226,C,G226C,2576,0.001847,17.0,-1.282,0,0.985,0,3.0,42,0.0,0.0,functional
752,H,233,N,H233N,5223,0.008099,34.0,-0.988,2,0.939,0,4.0,106,0.0,0.0,functional
758,Y,236,C,Y236C,9259,0.002585,71.0,-2.757,0,0.907,0,3.0,0,0.0,1.0,nonfunctional
784,M,246,I,M246I,7821,-0.009283,24.0,-0.382,0,0.813,0,4.0,0,0.0,0.0,nonfunctional
785,M,246,V,M246V,7821,-0.005331,28.0,-0.842,0,0.813,0,4.0,0,0.0,0.0,nonfunctional
808,T,256,R,T256R,7997,0.003967,84.0,-0.845,-2,0.886,0,3.0,0,0.0,0.0,functional
822,N,263,S,N263S,3100,0.006249,-61.0,0.175,0,1.016,0,5.0,0,1.0,0.0,functional
823,N,263,T,N263T,3100,-0.005914,-53.0,0.407,0,1.016,0,4.0,0,1.0,0.0,functional
824,N,263,Y,N263Y,3100,-0.006968,-3.0,-0.449,0,1.016,0,3.0,0,1.0,0.0,functional
831,G,266,E,G266E,6997,-0.000113,78.0,-1.81,0,0.991,0,4.0,0,1.0,0.0,nonfunctional
832,G,266,R,G266R,6997,0.002466,78.0,-0.99,-2,0.991,0,3.0,0,1.0,0.0,nonfunctional
833,G,266,V,G266V,6997,0.001995,76.0,0.499,0,0.991,0,4.0,0,1.0,0.0,nonfunctional
846,V,272,G,V272G,8758,0.001995,63.0,-3.521,0,1.06,0,4.0,0,0.0,0.0,nonfunctional
847,V,272,M,V272M,8758,-0.005331,63.0,-1.339,0,1.06,0,4.0,0,0.0,0.0,nonfunctional
880,D,281,E,D281E,8666,0.002194,44.0,-0.369,0,1.051,0,5.0,0,0.0,0.0,nonfunctional
881,D,281,H,D281H,8666,-0.002501,51.0,-0.782,-2,1.051,0,3.0,0,0.0,0.0,nonfunctional
882,D,281,N,D281N,8666,0.007855,63.0,-0.879,0,1.051,0,5.0,0,0.0,0.0,nonfunctional
883,D,281,V,D281V,8666,9.2e-05,66.0,0.658,0,1.051,0,3.0,0,0.0,0.0,nonfunctional
884,D,281,Y,D281Y,8666,0.000182,68.0,-0.493,0,1.051,0,2.0,0,0.0,0.0,nonfunctional
890,E,285,K,E285K,6216,-0.009604,69.0,-0.684,-1,0.95,0,4.0,0,0.0,0.0,nonfunctional
891,E,285,V,E285V,6216,0.001387,47.0,0.408,0,0.95,0,4.0,0,0.0,0.0,nonfunctional
897,E,287,A,E287A,2788,-0.002376,-33.0,-0.35,0,0.948,0,4.0,0,0.0,0.0,functional
898,E,287,D,E287D,2788,0.002194,-27.0,-0.525,0,0.948,0,5.0,0,0.0,0.0,nonfunctional
909,E,294,A,E294A,1437,-0.002376,-44.0,0.0,0,0.869,0,4.0,0,0.0,0.0,functional
912,H,296,P,H296P,1037,-0.002032,-37.0,0.0,2,0.866,0,3.0,0,0.0,0.0,functional
917,E,298,A,E298A,582,-0.002376,-33.0,0.0,0,0.848,0,4.0,0,0.0,0.0,functional
925,G,302,W,G302W,705,-0.012366,36.0,0.0,0,0.901,0,3.0,0,0.0,0.0,functional
932,A,307,E,A307E,578,-0.002376,-7.0,0.0,0,0.84,0,4.0,0,0.0,0.0,functional
933,A,307,G,A307G,578,-0.003111,-12.0,0.0,0,0.84,0,5.0,0,0.0,0.0,functional
934,A,307,P,A307P,578,-0.005081,-4.0,0.0,0,0.84,0,5.0,0,0.0,0.0,functional
946,T,312,A,T312A,695,-0.000218,-13.0,0.0,0,0.898,0,5.0,0,0.0,0.0,functional
947,T,312,N,T312N,695,-0.005914,-14.0,0.0,0,0.898,0,4.0,0,0.0,0.0,functional
948,T,312,P,T312P,695,0.005402,-19.0,0.0,0,0.898,0,4.0,0,0.0,0.0,functional
952,S,314,A,S314A,688,-0.001515,-29.0,0.0,0,0.951,0,5.0,0,0.0,0.0,functional
953,S,314,C,S314C,688,0.001837,1.0,0.0,0,0.951,0,4.0,0,0.0,0.0,functional
954,S,314,P,S314P,688,-0.003125,-12.0,0.0,0,0.951,0,4.0,0,0.0,0.0,functional
955,S,314,T,S314T,688,-0.002393,-34.0,0.0,0,0.951,0,5.0,0,0.0,0.0,functional
956,S,314,Y,S314Y,688,-0.001895,7.0,0.0,0,0.951,0,3.0,0,0.0,0.0,functional
960,P,316,H,P316H,627,-0.002032,-1.0,0.0,-2,1.005,0,3.0,0,0.0,0.0,functional
961,P,316,R,P316R,627,-6.7e-05,5.0,0.0,-2,1.005,0,3.0,0,0.0,0.0,functional
962,P,316,T,P316T,627,0.005402,-30.0,0.0,0,1.005,0,4.0,0,0.0,0.0,functional
973,K,320,E,K320E,566,-0.009604,1.0,0.0,1,1.039,0,4.0,0,0.0,0.0,functional
974,K,320,M,K320M,566,-0.004667,-12.0,0.0,1,1.039,0,2.0,0,0.0,0.0,functional
975,K,320,Q,K320Q,566,0.002349,-10.0,0.0,1,1.039,0,4.0,0,0.0,0.0,functional
976,K,320,R,K320R,566,0.007273,-40.0,0.0,-1,1.039,0,5.0,0,0.0,0.0,functional
977,K,320,T,K320T,566,-0.005895,-2.0,0.0,1,1.039,0,4.0,0,0.0,0.0,functional
978,K,321,I,K321I,597,0.000855,-34.0,0.0,1,1.039,0,2.0,5,0.0,0.0,functional
979,K,321,N,K321N,597,0.006158,-38.0,0.0,1,1.039,0,4.0,5,0.0,0.0,functional
980,K,321,Q,K321Q,597,0.002349,-33.0,0.0,1,1.039,0,4.0,5,0.0,0.0,functional
981,K,321,R,K321R,597,0.007273,-75.0,0.0,-1,1.039,0,5.0,5,0.0,0.0,functional
982,K,321,T,K321T,597,-0.005895,-33.0,0.0,1,1.039,0,4.0,5,0.0,0.0,functional
987,L,323,M,L323M,753,-0.002531,-86.0,0.0,0,1.003,0,5.0,66,0.0,0.0,functional
988,L,323,Q,L323Q,753,-0.004168,-64.0,0.0,0,1.003,0,2.0,66,0.0,0.0,functional
989,L,323,R,L323R,753,-0.001302,-49.0,0.0,-2,1.003,0,2.0,66,0.0,0.0,functional
990,L,323,V,L323V,753,-0.00194,-62.0,0.0,0,1.003,0,5.0,66,0.0,0.0,functional
1024,G,334,V,G334V,2429,0.001995,62.0,-0.428,0,0.987,0,4.0,420,0.0,0.0,nonfunctional
1035,F,338,C,F338C,2992,-0.013925,38.0,-0.954,0,1.022,0,3.0,592,0.0,0.0,functional
1036,F,338,S,F338S,2992,-0.001223,73.0,-1.877,0,1.022,0,3.0,592,0.0,0.0,functional
1037,F,338,V,F338V,2992,8e-06,55.0,-1.211,0,1.022,0,4.0,592,0.0,0.0,functional
1038,F,338,Y,F338Y,2992,-0.003256,-79.0,-0.316,0,1.022,0,5.0,592,0.0,0.0,functional
1042,M,340,K,M340K,3303,-0.004667,49.0,0.079,-1,0.989,0,2.0,992,0.0,1.0,functional
1043,M,340,L,M340L,3303,-0.002531,-28.0,-0.255,0,0.989,0,5.0,992,0.0,1.0,functional
1044,M,340,R,M340R,3303,-0.004676,53.0,0.307,-2,0.989,0,2.0,992,0.0,1.0,functional
1048,R,342,P,R342P,2532,-6.7e-05,43.0,-0.573,2,0.978,0,3.0,545,0.0,0.0,nonfunctional
1055,N,345,H,N345H,3722,0.008099,-33.0,-0.472,-2,0.994,0,4.0,792,0.0,0.0,functional
1056,N,345,I,N345I,3722,0.002317,23.0,0.488,0,0.994,0,2.0,792,0.0,0.0,functional
1057,N,345,K,N345K,3722,0.006158,-23.0,0.451,-1,0.994,0,4.0,792,0.0,0.0,functional
1058,N,345,S,N345S,3722,0.006249,-20.0,-0.199,0,0.994,0,5.0,792,0.0,0.0,functional
1059,N,345,T,N345T,3722,-0.005914,-19.0,-0.047,0,0.994,0,4.0,792,0.0,0.0,functional
1060,N,345,Y,N345Y,3722,-0.006968,9.0,-0.088,0,0.994,0,3.0,792,0.0,0.0,functional
1111,E,358,A,E358A,774,-0.002376,-11.0,0.0,0,1.044,0,4.0,0,0.0,0.0,functional
1112,E,358,D,E358D,774,0.002194,-23.0,0.0,0,1.044,0,5.0,0,0.0,0.0,functional
1113,E,358,G,E358G,774,-0.000113,16.0,0.0,0,1.044,0,4.0,0,0.0,0.0,functional
1114,E,358,Q,E358Q,774,-0.005234,-27.0,0.0,0,1.044,0,4.0,0,0.0,0.0,functional
1115,P,359,A,P359A,632,-0.005081,-30.0,0.0,0,1.061,0,5.0,0,0.0,0.0,functional
1116,P,359,Q,P359Q,632,0.000525,-55.0,0.0,0,1.061,0,3.0,0,0.0,0.0,functional
1117,P,359,R,P359R,632,-6.7e-05,-6.0,0.0,-2,1.061,0,3.0,0,0.0,0.0,functional
1118,P,359,T,P359T,632,0.005402,-47.0,0.0,0,1.061,0,4.0,0,0.0,0.0,functional
1185,K,373,E,K373E,460,-0.009604,-3.0,0.0,1,0.992,0,4.0,0,0.0,0.0,functional
1186,K,373,M,K373M,460,-0.004667,-17.0,0.0,1,0.992,0,2.0,0,0.0,0.0,functional
1187,K,373,N,K373N,460,0.006158,-6.0,0.0,1,0.992,0,4.0,0,0.0,0.0,functional
1188,K,373,Q,K373Q,460,0.002349,-15.0,0.0,1,0.992,0,4.0,0,0.0,0.0,functional
1189,K,373,R,K373R,460,0.007273,-33.0,0.0,-1,0.992,0,5.0,0,0.0,0.0,functional
1190,K,373,T,K373T,460,-0.005895,-13.0,0.0,1,0.992,0,4.0,0,0.0,0.0,functional
1191,G,374,A,G374A,532,-0.003111,-19.0,0.0,0,1.0,0,5.0,0,0.0,0.0,functional
1192,G,374,D,G374D,532,0.001528,19.0,0.0,0,1.0,0,4.0,0,0.0,0.0,functional
1193,G,374,S,G374S,532,-0.003528,-35.0,0.0,0,1.0,0,5.0,0,0.0,0.0,functional
1194,G,374,V,G374V,532,0.001995,7.0,0.0,0,1.0,0,4.0,0,0.0,0.0,functional
1209,S,378,A,S378A,540,-0.001515,-25.0,0.0,0,0.99,0,5.0,0,0.0,0.0,functional
1210,S,378,C,S378C,540,0.001837,10.0,0.0,0,0.99,0,4.0,0,0.0,0.0,functional
1211,S,378,T,S378T,540,-0.002393,-30.0,0.0,0,0.99,0,5.0,0,0.0,0.0,functional
1212,S,378,Y,S378Y,540,-0.001895,12.0,0.0,0,0.99,0,3.0,0,0.0,0.0,functional
1222,K,381,E,K381E,496,-0.009604,47.0,0.0,1,0.965,0,4.0,0,0.0,0.0,functional
1223,K,381,I,K381I,496,0.000855,25.0,0.0,1,0.965,0,2.0,0,0.0,0.0,functional
1224,K,381,N,K381N,496,0.006158,43.0,0.0,1,0.965,0,4.0,0,0.0,0.0,functional
1225,K,381,Q,K381Q,496,0.002349,29.0,0.0,1,0.965,0,4.0,0,0.0,0.0,functional
1226,K,381,R,K381R,496,0.007273,19.0,0.0,-1,0.965,0,5.0,0,0.0,0.0,functional
1227,K,381,T,K381T,496,-0.005895,37.0,0.0,1,0.965,0,4.0,0,0.0,0.0,functional
1233,L,383,H,L383H,450,-0.004529,65.0,0.0,-2,0.92,0,3.0,0,0.0,0.0,functional
1234,L,383,I,L383I,450,-0.000782,0.0,0.0,0,0.92,0,5.0,0,0.0,0.0,functional
1235,L,383,P,L383P,450,-0.005026,64.0,0.0,0,0.92,0,3.0,0,0.0,0.0,functional
1236,L,383,R,L383R,450,-0.001302,42.0,0.0,-2,0.92,0,2.0,0,0.0,0.0,functional
1237,L,383,V,L383V,450,-0.00194,-6.0,0.0,0,0.92,0,5.0,0,0.0,0.0,functional
1265,G,389,A,G389A,608,-0.003111,-50.0,0.0,0,0.951,0,5.0,0,0.0,0.0,functional
1266,G,389,E,G389E,608,-0.000113,-51.0,0.0,0,0.951,0,4.0,0,0.0,0.0,functional
1267,G,389,R,G389R,608,0.002466,-45.0,0.0,-2,0.951,0,3.0,0,0.0,0.0,functional
1268,G,389,V,G389V,608,0.001995,-29.0,0.0,0,0.951,0,4.0,0,0.0,0.0,functional
1269,G,389,W,G389W,608,-0.012366,25.0,0.0,0,0.951,0,3.0,0,0.0,0.0,functional
1270,P,390,A,P390A,580,-0.005081,-31.0,0.0,0,0.904,0,5.0,0,0.0,0.0,functional
1271,P,390,H,P390H,580,-0.002032,2.0,0.0,-2,0.904,0,3.0,0,0.0,0.0,functional
1272,P,390,L,P390L,580,-0.005026,-16.0,0.0,0,0.904,0,3.0,0,0.0,0.0,functional
1273,P,390,R,P390R,580,-6.7e-05,17.0,0.0,-2,0.904,0,3.0,0,0.0,0.0,functional
1274,P,390,S,P390S,580,-0.003125,-33.0,0.0,0,0.904,0,4.0,0,0.0,0.0,functional
1275,P,390,T,P390T,580,0.005402,-24.0,0.0,0,0.904,0,4.0,0,0.0,0.0,functional
1287,D,393,A,D393A,328,-0.001348,7.0,0.0,0,1.055,0,4.0,0,0.0,0.0,functional
1288,D,393,E,D393E,328,0.002194,-42.0,0.0,0,1.055,0,5.0,0,0.0,0.0,functional
1289,D,393,G,D393G,328,0.001528,22.0,0.0,0,1.055,0,4.0,0,0.0,0.0,functional
1290,D,393,H,D393H,328,-0.002501,32.0,0.0,-2,1.055,0,3.0,0,0.0,0.0,functional
1291,D,393,N,D393N,328,0.007855,-57.0,0.0,0,1.055,0,5.0,0,0.0,0.0,functional
1292,D,393,V,D393V,328,9.2e-05,24.0,0.0,0,1.055,0,3.0,0,0.0,0.0,functional
1293,D,393,Y,D393Y,328,0.000182,39.0,0.0,0,1.055,0,2.0,0,0.0,0.0,functional
